Date	Diesel/Petrol	Pump Price
6/9/2003	Diesel	£76.77
6/9/2003	Petrol	£74.59
6/16/2003	Diesel	£76.69
6/16/2003	Petrol	£74.47
6/23/2003	Diesel	£76.62
6/23/2003	Petrol	£74.42
6/30/2003	Diesel	£76.51
6/30/2003	Petrol	£74.35
7/7/2003	Diesel	£76.46
7/7/2003	Petrol	£74.28
7/14/2003	Diesel	£76.41
7/14/2003	Petrol	£74.21
7/21/2003	Diesel	£76.90
7/21/2003	Petrol	£75.07
7/28/2003	Diesel	£76.86
7/28/2003	Petrol	£75.10
8/4/2003	Diesel	£76.81
8/4/2003	Petrol	£75.12
8/11/2003	Diesel	£77.08
8/11/2003	Petrol	£75.44
8/18/2003	Diesel	£77.44
8/18/2003	Petrol	£75.81
8/26/2003	Diesel	£77.68
8/26/2003	Petrol	£76.05
9/1/2003	Diesel	£77.59
9/1/2003	Petrol	£76.13
9/8/2003	Diesel	£77.67
9/8/2003	Petrol	£76.23
9/15/2003	Diesel	£77.63
9/15/2003	Petrol	£76.20
9/22/2003	Diesel	£77.55
9/22/2003	Petrol	£76.15
9/29/2003	Diesel	£77.53
9/29/2003	Petrol	£76.08
10/6/2003	Diesel	£77.66
10/6/2003	Petrol	£76.43
10/13/2003	Diesel	£77.43
10/13/2003	Petrol	£75.90
10/20/2003	Diesel	£77.54
10/20/2003	Petrol	£76.05
10/27/2003	Diesel	£77.51
10/27/2003	Petrol	£76.00
11/3/2003	Diesel	£77.52
11/3/2003	Petrol	£76.00
11/10/2003	Diesel	£77.47
11/10/2003	Petrol	£75.94
11/17/2003	Diesel	£77.52
11/17/2003	Petrol	£75.93
11/24/2003	Diesel	£77.67
11/24/2003	Petrol	£76.02
12/1/2003	Diesel	£77.66
12/1/2003	Petrol	£76.00
12/8/2003	Diesel	£77.63
12/8/2003	Petrol	£75.97
12/15/2003	Diesel	£77.62
12/15/2003	Petrol	£75.96
12/22/2003	Diesel	£77.61
12/22/2003	Petrol	£75.92
12/29/2003	Diesel	£77.60
12/29/2003	Petrol	£75.94
1/5/2004	Diesel	£77.54
1/5/2004	Petrol	£75.88
1/12/2004	Diesel	£77.54
1/12/2004	Petrol	£75.90
1/19/2004	Diesel	£78.06
1/19/2004	Petrol	£76.36
1/26/2004	Diesel	£78.08
1/26/2004	Petrol	£76.44
2/2/2004	Diesel	£78.13
2/2/2004	Petrol	£76.48
2/9/2004	Diesel	£77.98
2/9/2004	Petrol	£76.50
2/16/2004	Diesel	£78.00
2/16/2004	Petrol	£76.44
2/23/2004	Diesel	£77.93
2/23/2004	Petrol	£76.38
3/1/2004	Diesel	£77.87
3/1/2004	Petrol	£76.32
3/8/2004	Diesel	£78.25
3/8/2004	Petrol	£76.73
3/15/2004	Diesel	£78.80
3/15/2004	Petrol	£77.39
3/22/2004	Diesel	£78.92
3/22/2004	Petrol	£77.44
3/29/2004	Diesel	£79.01
3/29/2004	Petrol	£77.59
4/5/2004	Diesel	£79.23
4/5/2004	Petrol	£77.86
4/12/2004	Diesel	£79.27
4/12/2004	Petrol	£77.88
4/19/2004	Diesel	£79.43
4/19/2004	Petrol	£78.04
4/26/2004	Diesel	£79.75
4/26/2004	Petrol	£78.40
5/4/2004	Diesel	£80.64
5/4/2004	Petrol	£79.28
5/10/2004	Diesel	£81.68
5/10/2004	Petrol	£80.30
5/17/2004	Diesel	£82.83
5/17/2004	Petrol	£81.49
5/24/2004	Diesel	£83.48
5/24/2004	Petrol	£82.13
5/31/2004	Diesel	£83.61
5/31/2004	Petrol	£82.35
6/7/2004	Diesel	£83.65
6/7/2004	Petrol	£82.44
6/14/2004	Diesel	£82.60
6/14/2004	Petrol	£81.54
6/21/2004	Diesel	£82.09
6/21/2004	Petrol	£81.04
6/28/2004	Diesel	£81.04
6/28/2004	Petrol	£80.41
7/5/2004	Diesel	£80.51
7/5/2004	Petrol	£79.87
7/12/2004	Diesel	£81.05
7/12/2004	Petrol	£80.34
7/19/2004	Diesel	£81.68
7/19/2004	Petrol	£80.84
7/26/2004	Diesel	£81.70
7/26/2004	Petrol	£80.87
8/2/2004	Diesel	£81.79
8/2/2004	Petrol	£80.86
8/9/2004	Diesel	£82.14
8/9/2004	Petrol	£81.18
8/16/2004	Diesel	£82.33
8/16/2004	Petrol	£81.25
8/23/2004	Diesel	£82.82
8/23/2004	Petrol	£81.51
8/31/2004	Diesel	£82.89
8/31/2004	Petrol	£81.53
9/6/2004	Diesel	£82.92
9/6/2004	Petrol	£81.37
9/13/2004	Diesel	£82.91
9/13/2004	Petrol	£81.31
9/20/2004	Diesel	£83.03
9/20/2004	Petrol	£81.28
9/27/2004	Diesel	£83.46
9/27/2004	Petrol	£81.63
10/4/2004	Diesel	£83.84
10/4/2004	Petrol	£82.05
10/11/2004	Diesel	£85.01
10/11/2004	Petrol	£83.11
10/18/2004	Diesel	£85.34
10/18/2004	Petrol	£83.35
10/25/2004	Diesel	£86.03
10/25/2004	Petrol	£83.94
11/1/2004	Diesel	£86.42
11/1/2004	Petrol	£84.27
11/8/2004	Diesel	£86.54
11/8/2004	Petrol	£84.34
11/15/2004	Diesel	£86.42
11/15/2004	Petrol	£84.26
11/22/2004	Diesel	£85.17
11/22/2004	Petrol	£81.46
11/29/2004	Diesel	£86.36
11/29/2004	Petrol	£84.17
12/6/2004	Diesel	£86.40
12/6/2004	Petrol	£84.06
12/13/2004	Diesel	£85.98
12/13/2004	Petrol	£82.73
12/20/2004	Diesel	£85.17
12/20/2004	Petrol	£81.46
12/27/2004	Diesel	£85.14
12/27/2004	Petrol	£81.20
1/3/2005	Diesel	£85.12
1/3/2005	Petrol	£81.17
1/10/2005	Diesel	£84.87
1/10/2005	Petrol	£79.84
1/17/2005	Diesel	£83.94
1/17/2005	Petrol	£78.93
1/24/2005	Diesel	£83.87
1/24/2005	Petrol	£78.93
1/31/2005	Diesel	£84.23
1/31/2005	Petrol	£79.54
2/7/2005	Diesel	£84.27
2/7/2005	Petrol	£79.84
2/14/2005	Diesel	£84.32
2/14/2005	Petrol	£80.03
2/21/2005	Diesel	£84.36
2/21/2005	Petrol	£80.15
2/28/2005	Diesel	£84.65
2/28/2005	Petrol	£80.45
3/7/2005	Diesel	£85.64
3/7/2005	Petrol	£81.16
3/14/2005	Diesel	£86.11
3/14/2005	Petrol	£81.64
3/21/2005	Diesel	£87.06
3/21/2005	Petrol	£82.70
3/28/2005	Diesel	£87.68
3/28/2005	Petrol	£83.40
4/4/2005	Diesel	£88.30
4/4/2005	Petrol	£83.91
4/11/2005	Diesel	£89.82
4/11/2005	Petrol	£85.61
4/18/2005	Diesel	£89.80
4/18/2005	Petrol	£85.63
4/25/2005	Diesel	£89.62
4/25/2005	Petrol	£85.51
5/2/2005	Diesel	£89.30
5/2/2005	Petrol	£85.44
5/9/2005	Diesel	£89.46
5/9/2005	Petrol	£85.36
5/16/2005	Diesel	£89.40
5/16/2005	Petrol	£85.27
5/23/2005	Diesel	£89.00
5/23/2005	Petrol	£84.77
5/30/2005	Diesel	£88.39
5/30/2005	Petrol	£84.18
6/6/2005	Diesel	£88.23
6/6/2005	Petrol	£84.01
6/13/2005	Diesel	£88.96
6/13/2005	Petrol	£84.99
6/20/2005	Diesel	£89.54
6/20/2005	Petrol	£85.52
6/27/2005	Diesel	£90.27
6/27/2005	Petrol	£86.73
7/4/2005	Diesel	£91.00
7/4/2005	Petrol	£87.49
7/11/2005	Diesel	£91.89
7/11/2005	Petrol	£87.73
7/18/2005	Diesel	£92.67
7/18/2005	Petrol	£88.55
7/25/2005	Diesel	£93.03
7/25/2005	Petrol	£89.00
8/1/2005	Diesel	£93.26
8/1/2005	Petrol	£89.25
8/8/2005	Diesel	£93.63
8/8/2005	Petrol	£89.67
8/15/2005	Diesel	£94.50
8/15/2005	Petrol	£90.56
8/22/2005	Diesel	£94.68
8/22/2005	Petrol	£90.77
8/29/2005	Diesel	£95.33
8/29/2005	Petrol	£91.42
9/5/2005	Diesel	£97.19
9/5/2005	Petrol	£94.37
9/12/2005	Diesel	£97.89
9/12/2005	Petrol	£95.07
9/19/2005	Diesel	£97.32
9/19/2005	Petrol	£94.41
9/26/2005	Diesel	£96.27
9/26/2005	Petrol	£93.33
10/3/2005	Diesel	£96.61
10/3/2005	Petrol	£93.51
10/10/2005	Diesel	£97.05
10/10/2005	Petrol	£94.25
10/17/2005	Diesel	£97.00
10/17/2005	Petrol	£94.14
10/24/2005	Diesel	£96.80
10/24/2005	Petrol	£93.47
10/31/2005	Diesel	£96.57
10/31/2005	Petrol	£92.79
11/7/2005	Diesel	£96.59
11/7/2005	Petrol	£92.47
11/14/2005	Diesel	£94.92
11/14/2005	Petrol	£90.53
11/21/2005	Diesel	£93.22
11/21/2005	Petrol	£88.61
11/28/2005	Diesel	£91.80
11/28/2005	Petrol	£87.35
12/5/2005	Diesel	£91.80
12/5/2005	Petrol	£87.35
12/12/2005	Diesel	£91.48
12/12/2005	Petrol	£87.20
12/19/2005	Diesel	£91.83
12/19/2005	Petrol	£87.56
12/26/2005	Diesel	£92.12
12/26/2005	Petrol	£87.88
1/2/2006	Diesel	£92.27
1/2/2006	Petrol	£88.03
1/9/2006	Diesel	£92.94
1/9/2006	Petrol	£88.56
1/16/2006	Diesel	£93.19
1/16/2006	Petrol	£89.01
1/23/2006	Diesel	£93.62
1/23/2006	Petrol	£89.55
1/30/2006	Diesel	£93.93
1/30/2006	Petrol	£89.88
2/6/2006	Diesel	£93.85
2/6/2006	Petrol	£89.73
2/13/2006	Diesel	£93.77
2/13/2006	Petrol	£89.65
2/20/2006	Diesel	£93.75
2/20/2006	Petrol	£89.60
2/27/2006	Diesel	£93.69
2/27/2006	Petrol	£89.51
3/6/2006	Diesel	£93.63
3/6/2006	Petrol	£89.37
3/13/2006	Diesel	£93.85
3/13/2006	Petrol	£89.55
3/20/2006	Diesel	£94.42
3/20/2006	Petrol	£90.19
3/27/2006	Diesel	£94.95
3/27/2006	Petrol	£91.16
4/3/2006	Diesel	£95.64
4/3/2006	Petrol	£91.78
4/10/2006	Diesel	£96.40
4/10/2006	Petrol	£92.77
4/18/2006	Diesel	£97.64
4/18/2006	Petrol	£94.23
4/24/2006	Diesel	£98.50
4/24/2006	Petrol	£95.35
5/1/2006	Diesel	£98.90
5/1/2006	Petrol	£96.13
5/8/2006	Diesel	£98.90
5/8/2006	Petrol	£96.46
5/15/2006	Diesel	£98.74
5/15/2006	Petrol	£96.39
5/22/2006	Diesel	£98.50
5/22/2006	Petrol	£96.10
5/29/2006	Diesel	£97.69
5/29/2006	Petrol	£95.36
6/5/2006	Diesel	£97.55
6/5/2006	Petrol	£95.24
6/12/2006	Diesel	£97.75
6/12/2006	Petrol	£95.49
6/19/2006	Diesel	£97.77
6/19/2006	Petrol	£95.44
6/26/2006	Diesel	£97.36
6/26/2006	Petrol	£94.97
7/3/2006	Diesel	£97.60
7/3/2006	Petrol	£95.27
7/10/2006	Diesel	£97.99
7/10/2006	Petrol	£95.69
7/17/2006	Diesel	£98.74
7/17/2006	Petrol	£96.88
7/24/2006	Diesel	£99.41
7/24/2006	Petrol	£97.78
7/31/2006	Diesel	£99.41
7/31/2006	Petrol	£97.83
8/7/2006	Diesel	£99.57
8/7/2006	Petrol	£98.05
8/14/2006	Diesel	£99.45
8/14/2006	Petrol	£97.82
8/21/2006	Diesel	£97.93
8/21/2006	Petrol	£95.74
8/28/2006	Diesel	£96.67
8/28/2006	Petrol	£94.40
9/4/2006	Diesel	£95.92
9/4/2006	Petrol	£92.88
9/11/2006	Diesel	£95.34
9/11/2006	Petrol	£91.48
9/18/2006	Diesel	£94.95
9/18/2006	Petrol	£89.78
9/25/2006	Diesel	£93.51
9/25/2006	Petrol	£88.20
10/2/2006	Diesel	£92.13
10/2/2006	Petrol	£86.95
10/9/2006	Diesel	£91.74
10/9/2006	Petrol	£86.60
10/16/2006	Diesel	£91.59
10/16/2006	Petrol	£85.91
10/23/2006	Diesel	£91.22
10/23/2006	Petrol	£85.74
10/30/2006	Diesel	£91.17
10/30/2006	Petrol	£85.60
11/6/2006	Diesel	£91.12
11/6/2006	Petrol	£85.54
11/13/2006	Diesel	£91.15
11/13/2006	Petrol	£85.49
11/20/2006	Diesel	£91.17
11/20/2006	Petrol	£85.45
11/27/2006	Diesel	£91.17
11/27/2006	Petrol	£85.47
12/4/2006	Diesel	£91.50
12/4/2006	Petrol	£85.46
12/11/2006	Diesel	£92.96
12/11/2006	Petrol	£87.44
12/18/2006	Diesel	£93.26
12/18/2006	Petrol	£87.70
12/25/2006	Diesel	£93.41
12/25/2006	Petrol	£87.90
1/1/2007	Diesel	£93.40
1/1/2007	Petrol	£87.85
1/8/2007	Diesel	£93.11
1/8/2007	Petrol	£87.66
1/15/2007	Diesel	£91.55
1/15/2007	Petrol	£87.10
1/22/2007	Diesel	£90.45
1/22/2007	Petrol	£86.28
1/29/2007	Diesel	£89.70
1/29/2007	Petrol	£85.66
2/5/2007	Diesel	£89.63
2/5/2007	Petrol	£85.62
2/12/2007	Diesel	£90.11
2/12/2007	Petrol	£86.12
2/19/2007	Diesel	£90.55
2/19/2007	Petrol	£86.60
2/26/2007	Diesel	£91.02
2/26/2007	Petrol	£87.07
3/5/2007	Diesel	£91.59
3/5/2007	Petrol	£87.74
3/12/2007	Diesel	£92.17
3/12/2007	Petrol	£88.48
3/19/2007	Diesel	£92.61
3/19/2007	Petrol	£88.93
3/26/2007	Diesel	£92.91
3/26/2007	Petrol	£89.32
4/2/2007	Diesel	£93.90
4/2/2007	Petrol	£90.47
4/10/2007	Diesel	£94.33
4/10/2007	Petrol	£91.18
4/16/2007	Diesel	£94.86
4/16/2007	Petrol	£91.99
4/23/2007	Diesel	£95.39
4/23/2007	Petrol	£92.93
4/30/2007	Diesel	£95.71
4/30/2007	Petrol	£93.45
5/7/2007	Diesel	£96.12
5/7/2007	Petrol	£94.43
5/14/2007	Diesel	£96.47
5/14/2007	Petrol	£95.07
5/21/2007	Diesel	£96.69
5/21/2007	Petrol	£95.71
5/28/2007	Diesel	£96.99
5/28/2007	Petrol	£96.16
6/4/2007	Diesel	£97.19
6/4/2007	Petrol	£96.51
6/11/2007	Diesel	£97.20
6/11/2007	Petrol	£96.61
6/18/2007	Diesel	£97.11
6/18/2007	Petrol	£96.56
6/25/2007	Diesel	£97.12
6/25/2007	Petrol	£96.54
7/2/2007	Diesel	£96.89
7/2/2007	Petrol	£96.36
7/9/2007	Diesel	£96.78
7/9/2007	Petrol	£96.20
7/16/2007	Diesel	£96.79
7/16/2007	Petrol	£96.21
7/23/2007	Diesel	£96.83
7/23/2007	Petrol	£96.23
7/30/2007	Diesel	£96.77
7/30/2007	Petrol	£96.20
8/6/2007	Diesel	£96.72
8/6/2007	Petrol	£96.15
8/13/2007	Diesel	£96.70
8/13/2007	Petrol	£96.00
8/20/2007	Diesel	£96.59
8/20/2007	Petrol	£95.31
8/27/2007	Diesel	£96.37
8/27/2007	Petrol	£95.00
9/3/2007	Diesel	£96.37
9/3/2007	Petrol	£94.80
9/10/2007	Diesel	£96.34
9/10/2007	Petrol	£94.63
9/17/2007	Diesel	£96.45
9/17/2007	Petrol	£94.65
9/24/2007	Diesel	£96.90
9/24/2007	Petrol	£94.91
10/1/2007	Diesel	£98.51
10/1/2007	Petrol	£96.39
10/8/2007	Diesel	£99.10
10/8/2007	Petrol	£97.14
10/15/2007	Diesel	£99.18
10/15/2007	Petrol	£97.19
10/22/2007	Diesel	£99.89
10/22/2007	Petrol	£97.81
10/29/2007	Diesel	£100.69
10/29/2007	Petrol	£98.26
11/5/2007	Diesel	£102.16
11/5/2007	Petrol	£99.36
11/12/2007	Diesel	£104.17
11/12/2007	Petrol	£100.74
11/19/2007	Diesel	£105.28
11/19/2007	Petrol	£101.47
11/26/2007	Diesel	£106.25
11/26/2007	Petrol	£102.13
12/3/2007	Diesel	£107.19
12/3/2007	Petrol	£102.58
12/10/2007	Diesel	£107.47
12/10/2007	Petrol	£102.67
12/17/2007	Diesel	£107.56
12/17/2007	Petrol	£102.60
12/24/2007	Diesel	£107.50
12/24/2007	Petrol	£102.53
12/31/2007	Diesel	£107.61
12/31/2007	Petrol	£102.66
1/7/2008	Diesel	£108.29
1/7/2008	Petrol	£103.37
1/14/2008	Diesel	£108.77
1/14/2008	Petrol	£103.82
1/21/2008	Diesel	£109.09
1/21/2008	Petrol	£104.22
1/28/2008	Diesel	£109.11
1/28/2008	Petrol	£104.22
2/4/2008	Diesel	£108.99
2/4/2008	Petrol	£104.03
2/11/2008	Diesel	£108.86
2/11/2008	Petrol	£103.67
2/18/2008	Diesel	£108.99
2/18/2008	Petrol	£103.70
2/25/2008	Diesel	£110.21
2/25/2008	Petrol	£104.65
3/3/2008	Diesel	£110.90
3/3/2008	Petrol	£105.24
3/10/2008	Diesel	£112.23
3/10/2008	Petrol	£105.96
3/17/2008	Diesel	£113.08
3/17/2008	Petrol	£106.41
3/24/2008	Diesel	£114.40
3/24/2008	Petrol	£106.90
3/31/2008	Diesel	£114.79
3/31/2008	Petrol	£107.10
4/7/2008	Diesel	£115.47
4/7/2008	Petrol	£107.24
4/14/2008	Diesel	£116.51
4/14/2008	Petrol	£107.61
4/21/2008	Diesel	£118.06
4/21/2008	Petrol	£108.57
4/28/2008	Diesel	£119.10
4/28/2008	Petrol	£109.50
5/5/2008	Diesel	£120.37
5/5/2008	Petrol	£110.30
5/12/2008	Diesel	£121.49
5/12/2008	Petrol	£111.04
5/19/2008	Diesel	£124.50
5/19/2008	Petrol	£112.96
5/26/2008	Diesel	£127.21
5/26/2008	Petrol	£114.79
6/2/2008	Diesel	£128.82
6/2/2008	Petrol	£116.03
6/9/2008	Diesel	£129.68
6/9/2008	Petrol	£116.86
6/16/2008	Diesel	£130.66
6/16/2008	Petrol	£117.69
6/23/2008	Diesel	£131.45
6/23/2008	Petrol	£118.44
6/30/2008	Diesel	£132.03
6/30/2008	Petrol	£118.84
7/7/2008	Diesel	£132.55
7/7/2008	Petrol	£119.28
7/14/2008	Diesel	£132.87
7/14/2008	Petrol	£119.44
7/21/2008	Diesel	£132.89
7/21/2008	Petrol	£119.40
7/28/2008	Diesel	£130.71
7/28/2008	Petrol	£116.91
8/4/2008	Diesel	£128.19
8/4/2008	Petrol	£115.06
8/11/2008	Diesel	£126.20
8/11/2008	Petrol	£113.92
8/18/2008	Diesel	£124.10
8/18/2008	Petrol	£112.22
8/25/2008	Diesel	£123.74
8/25/2008	Petrol	£112.02
9/1/2008	Diesel	£123.89
9/1/2008	Petrol	£112.20
9/8/2008	Diesel	£124.20
9/8/2008	Petrol	£112.55
9/15/2008	Diesel	£124.14
9/15/2008	Petrol	£112.51
9/22/2008	Diesel	£122.61
9/22/2008	Petrol	£110.81
9/29/2008	Diesel	£121.65
9/29/2008	Petrol	£109.85
10/6/2008	Diesel	£121.14
10/6/2008	Petrol	£109.45
10/13/2008	Diesel	£118.42
10/13/2008	Petrol	£107.04
10/20/2008	Diesel	£114.31
10/20/2008	Petrol	£102.66
10/27/2008	Diesel	£111.01
10/27/2008	Petrol	£98.62
11/3/2008	Diesel	£109.87
11/3/2008	Petrol	£97.40
11/10/2008	Diesel	£109.13
11/10/2008	Petrol	£95.89
11/17/2008	Diesel	£108.73
11/17/2008	Petrol	£94.83
11/24/2008	Diesel	£107.78
11/24/2008	Petrol	£92.79
12/1/2008	Diesel	£106.56
12/1/2008	Petrol	£91.47
12/8/2008	Diesel	£104.87
12/8/2008	Petrol	£90.16
12/15/2008	Diesel	£101.24
12/15/2008	Petrol	£89.07
12/22/2008	Diesel	£99.94
12/22/2008	Petrol	£88.01
12/29/2008	Diesel	£99.17
12/29/2008	Petrol	£87.34
1/5/2009	Diesel	£97.57
1/5/2009	Petrol	£85.42
1/12/2009	Diesel	£98.32
1/12/2009	Petrol	£86.02
1/19/2009	Diesel	£98.45
1/19/2009	Petrol	£86.19
1/26/2009	Diesel	£99.39
1/26/2009	Petrol	£87.42
2/2/2009	Diesel	£99.82
2/2/2009	Petrol	£88.16
2/9/2009	Diesel	£100.31
2/9/2009	Petrol	£89.28
2/16/2009	Diesel	£100.86
2/16/2009	Petrol	£90.12
2/23/2009	Diesel	£100.81
2/23/2009	Petrol	£90.33
3/2/2009	Diesel	£100.64
3/2/2009	Petrol	£90.28
3/9/2009	Diesel	£100.03
3/9/2009	Petrol	£90.15
3/16/2009	Diesel	£99.82
3/16/2009	Petrol	£90.16
3/23/2009	Diesel	£99.52
3/23/2009	Petrol	£90.16
3/30/2009	Diesel	£99.98
3/30/2009	Petrol	£91.35
4/6/2009	Diesel	£102.14
4/6/2009	Petrol	£93.72
4/13/2009	Diesel	£102.44
4/13/2009	Petrol	£94.11
4/20/2009	Diesel	£102.71
4/20/2009	Petrol	£94.62
4/27/2009	Diesel	£102.83
4/27/2009	Petrol	£95.13
5/4/2009	Diesel	£102.80
5/4/2009	Petrol	£95.60
5/11/2009	Diesel	£103.10
5/11/2009	Petrol	£96.59
5/18/2009	Diesel	£103.37
5/18/2009	Petrol	£97.54
5/25/2009	Diesel	£103.55
5/25/2009	Petrol	£98.90
6/1/2009	Diesel	£103.55
6/1/2009	Petrol	£99.39
6/8/2009	Diesel	£103.78
6/8/2009	Petrol	£100.59
6/15/2009	Diesel	£104.50
6/15/2009	Petrol	£101.98
6/22/2009	Diesel	£104.92
6/22/2009	Petrol	£102.81
6/29/2009	Diesel	£105.05
6/29/2009	Petrol	£103.30
7/6/2009	Diesel	£105.11
7/6/2009	Petrol	£103.57
7/13/2009	Diesel	£104.04
7/13/2009	Petrol	£102.78
7/20/2009	Diesel	£102.99
7/20/2009	Petrol	£102.22
7/27/2009	Diesel	£102.91
7/27/2009	Petrol	£102.17
8/3/2009	Diesel	£103.20
8/3/2009	Petrol	£102.36
8/10/2009	Diesel	£103.79
8/10/2009	Petrol	£103.01
8/17/2009	Diesel	£104.45
8/17/2009	Petrol	£103.96
8/24/2009	Diesel	£105.11
8/24/2009	Petrol	£104.70
8/31/2009	Diesel	£105.50
8/31/2009	Petrol	£105.11
9/7/2009	Diesel	£107.30
9/7/2009	Petrol	£106.85
9/14/2009	Diesel	£107.09
9/14/2009	Petrol	£106.43
9/21/2009	Diesel	£106.79
9/21/2009	Petrol	£105.96
9/28/2009	Diesel	£106.39
9/28/2009	Petrol	£105.44
10/5/2009	Diesel	£105.85
10/5/2009	Petrol	£104.87
10/12/2009	Diesel	£105.69
10/12/2009	Petrol	£104.71
10/19/2009	Diesel	£106.28
10/19/2009	Petrol	£105.08
10/26/2009	Diesel	£107.78
10/26/2009	Petrol	£106.76
11/2/2009	Diesel	£108.51
11/2/2009	Petrol	£107.43
11/9/2009	Diesel	£109.35
11/9/2009	Petrol	£108.10
11/16/2009	Diesel	£109.65
11/16/2009	Petrol	£108.48
11/23/2009	Diesel	£109.87
11/23/2009	Petrol	£108.73
11/30/2009	Diesel	£109.99
11/30/2009	Petrol	£108.79
12/7/2009	Diesel	£109.87
12/7/2009	Petrol	£108.64
12/14/2009	Diesel	£109.57
12/14/2009	Petrol	£108.50
12/21/2009	Diesel	£109.13
12/21/2009	Petrol	£107.47
12/28/2009	Diesel	£109.17
12/28/2009	Petrol	£107.44
1/4/2010	Diesel	£111.08
1/4/2010	Petrol	£109.34
1/11/2010	Diesel	£112.59
1/11/2010	Petrol	£110.72
1/18/2010	Diesel	£113.39
1/18/2010	Petrol	£111.60
1/25/2010	Diesel	£113.71
1/25/2010	Petrol	£111.87
2/1/2010	Diesel	£113.75
2/1/2010	Petrol	£111.91
2/8/2010	Diesel	£113.79
2/8/2010	Petrol	£111.95
2/15/2010	Diesel	£113.68
2/15/2010	Petrol	£111.89
2/22/2010	Diesel	£112.76
2/22/2010	Petrol	£111.56
3/1/2010	Diesel	£113.41
3/1/2010	Petrol	£112.42
3/8/2010	Diesel	£114.68
3/8/2010	Petrol	£113.71
3/15/2010	Diesel	£116.21
3/15/2010	Petrol	£115.46
3/22/2010	Diesel	£117.28
3/22/2010	Petrol	£116.59
3/29/2010	Diesel	£118.21
3/29/2010	Petrol	£117.28
4/5/2010	Diesel	£120.09
4/5/2010	Petrol	£119.29
4/12/2010	Diesel	£121.11
4/12/2010	Petrol	£119.94
4/19/2010	Diesel	£121.74
4/19/2010	Petrol	£120.55
4/26/2010	Diesel	£122.31
4/26/2010	Petrol	£120.99
5/3/2010	Diesel	£122.68
5/3/2010	Petrol	£121.18
5/10/2010	Diesel	£122.82
5/10/2010	Petrol	£121.31
5/17/2010	Diesel	£122.83
5/17/2010	Petrol	£121.30
5/24/2010	Diesel	£121.92
5/24/2010	Petrol	£119.93
5/31/2010	Diesel	£120.76
5/31/2010	Petrol	£118.54
6/7/2010	Diesel	£120.40
6/7/2010	Petrol	£118.20
6/14/2010	Diesel	£120.21
6/14/2010	Petrol	£117.87
6/21/2010	Diesel	£120.39
6/21/2010	Petrol	£117.80
6/28/2010	Diesel	£120.38
6/28/2010	Petrol	£117.88
7/5/2010	Diesel	£120.44
7/5/2010	Petrol	£117.91
7/12/2010	Diesel	£119.78
7/12/2010	Petrol	£117.39
7/19/2010	Diesel	£119.24
7/19/2010	Petrol	£116.85
7/26/2010	Diesel	£119.03
7/26/2010	Petrol	£116.61
8/2/2010	Diesel	£119.03
8/2/2010	Petrol	£116.51
8/9/2010	Diesel	£118.94
8/9/2010	Petrol	£116.35
8/16/2010	Diesel	£118.79
8/16/2010	Petrol	£116.34
8/23/2010	Diesel	£117.90
8/23/2010	Petrol	£115.64
8/30/2010	Diesel	£117.37
8/30/2010	Petrol	£114.98
9/6/2010	Diesel	£117.09
9/6/2010	Petrol	£114.59
9/13/2010	Diesel	£117.17
9/13/2010	Petrol	£114.66
9/20/2010	Diesel	£117.72
9/20/2010	Petrol	£115.06
9/27/2010	Diesel	£118.11
9/27/2010	Petrol	£115.39
10/4/2010	Diesel	£118.97
10/4/2010	Petrol	£116.01
10/11/2010	Diesel	£119.77
10/11/2010	Petrol	£116.78
10/18/2010	Diesel	£120.60
10/18/2010	Petrol	£117.28
10/25/2010	Diesel	£121.17
10/25/2010	Petrol	£117.74
11/1/2010	Diesel	£121.66
11/1/2010	Petrol	£118.18
11/8/2010	Diesel	£122.19
11/8/2010	Petrol	£118.67
11/15/2010	Diesel	£122.51
11/15/2010	Petrol	£118.80
11/22/2010	Diesel	£122.74
11/22/2010	Petrol	£118.99
11/29/2010	Diesel	£123.20
11/29/2010	Petrol	£119.21
12/6/2010	Diesel	£124.62
12/6/2010	Petrol	£120.54
12/13/2010	Diesel	£125.77
12/13/2010	Petrol	£121.68
12/20/2010	Diesel	£126.52
12/20/2010	Petrol	£122.31
12/27/2010	Diesel	£127.68
12/27/2010	Petrol	£123.44
1/3/2011	Diesel	£129.11
1/3/2011	Petrol	£124.85
1/10/2011	Diesel	£131.60
1/10/2011	Petrol	£127.40
1/17/2011	Diesel	£132.33
1/17/2011	Petrol	£127.87
1/24/2011	Diesel	£133.00
1/24/2011	Petrol	£128.35
1/31/2011	Diesel	£133.25
1/31/2011	Petrol	£128.55
2/7/2011	Diesel	£133.47
2/7/2011	Petrol	£128.64
2/14/2011	Diesel	£133.71
2/14/2011	Petrol	£128.73
2/21/2011	Diesel	£134.04
2/21/2011	Petrol	£128.92
2/28/2011	Diesel	£135.06
2/28/2011	Petrol	£129.72
3/7/2011	Diesel	£136.90
3/7/2011	Petrol	£131.28
3/14/2011	Diesel	£138.25
3/14/2011	Petrol	£132.18
3/21/2011	Diesel	£139.53
3/21/2011	Petrol	£133.11
3/28/2011	Diesel	£139.04
3/28/2011	Petrol	£132.44
4/4/2011	Diesel	£139.46
4/4/2011	Petrol	£132.81
4/11/2011	Diesel	£140.33
4/11/2011	Petrol	£133.68
4/18/2011	Diesel	£141.34
4/18/2011	Petrol	£135.06
4/25/2011	Diesel	£142.11
4/25/2011	Petrol	£135.62
5/2/2011	Diesel	£142.53
5/2/2011	Petrol	£136.29
5/9/2011	Diesel	£143.06
5/9/2011	Petrol	£137.05
5/16/2011	Diesel	£141.50
5/16/2011	Petrol	£136.40
5/23/2011	Diesel	£140.77
5/23/2011	Petrol	£136.11
5/30/2011	Diesel	£139.81
5/30/2011	Petrol	£135.57
6/6/2011	Diesel	£139.58
6/6/2011	Petrol	£135.62
6/13/2011	Diesel	£139.77
6/13/2011	Petrol	£135.86
6/20/2011	Diesel	£140.05
6/20/2011	Petrol	£136.03
6/27/2011	Diesel	£138.77
6/27/2011	Petrol	£134.86
7/4/2011	Diesel	£137.70
7/4/2011	Petrol	£133.43
7/11/2011	Diesel	£138.40
7/11/2011	Petrol	£134.18
7/18/2011	Diesel	£139.36
7/18/2011	Petrol	£134.97
7/25/2011	Diesel	£139.95
7/25/2011	Petrol	£135.66
8/1/2011	Diesel	£140.55
8/1/2011	Petrol	£136.07
8/8/2011	Diesel	£140.84
8/8/2011	Petrol	£136.46
8/15/2011	Diesel	£140.36
8/15/2011	Petrol	£135.95
8/22/2011	Diesel	£139.04
8/22/2011	Petrol	£134.56
8/29/2011	Diesel	£138.72
8/29/2011	Petrol	£134.32
9/5/2011	Diesel	£138.96
9/5/2011	Petrol	£134.62
9/12/2011	Diesel	£139.40
9/12/2011	Petrol	£135.00
9/19/2011	Diesel	£139.86
9/19/2011	Petrol	£135.40
9/26/2011	Diesel	£140.14
9/26/2011	Petrol	£135.65
10/3/2011	Diesel	£139.77
10/3/2011	Petrol	£135.02
10/10/2011	Diesel	£139.52
10/10/2011	Petrol	£134.47
10/17/2011	Diesel	£139.73
10/17/2011	Petrol	£134.49
10/24/2011	Diesel	£140.19
10/24/2011	Petrol	£134.66
10/31/2011	Diesel	£140.27
10/31/2011	Petrol	£134.73
11/7/2011	Diesel	£140.42
11/7/2011	Petrol	£134.41
11/14/2011	Diesel	£140.53
11/14/2011	Petrol	£133.68
11/21/2011	Diesel	£141.06
11/21/2011	Petrol	£133.38
11/28/2011	Diesel	£141.10
11/28/2011	Petrol	£133.17
12/5/2011	Diesel	£140.99
12/5/2011	Petrol	£132.78
12/12/2011	Diesel	£140.95
12/12/2011	Petrol	£132.53
12/19/2011	Diesel	£140.93
12/19/2011	Petrol	£132.49
12/26/2011	Diesel	£140.77
12/26/2011	Petrol	£132.41
1/2/2012	Diesel	£140.84
1/2/2012	Petrol	£132.40
1/9/2012	Diesel	£141.00
1/9/2012	Petrol	£132.68
1/16/2012	Diesel	£141.69
1/16/2012	Petrol	£133.29
1/23/2012	Diesel	£142.06
1/23/2012	Petrol	£133.72
1/30/2012	Diesel	£142.45
1/30/2012	Petrol	£134.10
2/6/2012	Diesel	£142.24
2/6/2012	Petrol	£134.25
2/13/2012	Diesel	£142.83
2/13/2012	Petrol	£134.90
2/20/2012	Diesel	£143.15
2/20/2012	Petrol	£135.21
2/27/2012	Diesel	£143.92
2/27/2012	Petrol	£136.21
3/5/2012	Diesel	£144.71
3/5/2012	Petrol	£137.30
3/12/2012	Diesel	£145.15
3/12/2012	Petrol	£137.90
3/19/2012	Diesel	£146.16
3/19/2012	Petrol	£138.96
3/26/2012	Diesel	£146.56
3/26/2012	Petrol	£139.48
4/2/2012	Diesel	£147.68
4/2/2012	Petrol	£140.99
4/9/2012	Diesel	£148.00
4/9/2012	Petrol	£141.97
4/16/2012	Diesel	£148.04
4/16/2012	Petrol	£142.17
4/23/2012	Diesel	£147.96
4/23/2012	Petrol	£141.76
4/30/2012	Diesel	£147.05
4/30/2012	Petrol	£141.00
5/7/2012	Diesel	£146.40
5/7/2012	Petrol	£140.14
5/14/2012	Diesel	£144.52
5/14/2012	Petrol	£138.29
5/21/2012	Diesel	£141.75
5/21/2012	Petrol	£135.77
5/28/2012	Diesel	£140.49
5/28/2012	Petrol	£134.37
6/4/2012	Diesel	£139.96
6/4/2012	Petrol	£134.06
6/11/2012	Diesel	£139.58
6/11/2012	Petrol	£133.67
6/18/2012	Diesel	£137.71
6/18/2012	Petrol	£131.99
6/25/2012	Diesel	£137.20
6/25/2012	Petrol	£131.55
7/2/2012	Diesel	£135.91
7/2/2012	Petrol	£130.50
7/9/2012	Diesel	£136.44
7/9/2012	Petrol	£131.06
7/16/2012	Diesel	£136.85
7/16/2012	Petrol	£131.49
7/23/2012	Diesel	£137.72
7/23/2012	Petrol	£132.21
7/30/2012	Diesel	£138.25
7/30/2012	Petrol	£132.78
8/6/2012	Diesel	£138.79
8/6/2012	Petrol	£133.39
8/13/2012	Diesel	£139.46
8/13/2012	Petrol	£134.27
8/20/2012	Diesel	£140.79
8/20/2012	Petrol	£135.72
8/27/2012	Diesel	£142.17
8/27/2012	Petrol	£137.10
9/3/2012	Diesel	£142.87
9/3/2012	Petrol	£138.03
9/10/2012	Diesel	£143.66
9/10/2012	Petrol	£138.91
9/17/2012	Diesel	£144.18
9/17/2012	Petrol	£139.42
9/24/2012	Diesel	£144.36
9/24/2012	Petrol	£139.54
10/1/2012	Diesel	£143.28
10/1/2012	Petrol	£138.43
10/8/2012	Diesel	£143.05
10/8/2012	Petrol	£138.24
10/15/2012	Diesel	£143.23
10/15/2012	Petrol	£138.35
10/22/2012	Diesel	£143.23
10/22/2012	Petrol	£138.29
10/29/2012	Diesel	£143.00
10/29/2012	Petrol	£136.98
11/5/2012	Diesel	£142.75
11/5/2012	Petrol	£136.43
11/12/2012	Diesel	£141.74
11/12/2012	Petrol	£135.09
11/19/2012	Diesel	£141.33
11/19/2012	Petrol	£134.56
11/26/2012	Diesel	£141.13
11/26/2012	Petrol	£134.38
12/3/2012	Diesel	£140.91
12/3/2012	Petrol	£133.05
12/10/2012	Diesel	£140.76
12/10/2012	Petrol	£132.55
12/17/2012	Diesel	£140.08
12/17/2012	Petrol	£131.98
12/24/2012	Diesel	£139.84
12/24/2012	Petrol	£131.95
12/31/2012	Diesel	£139.81
12/31/2012	Petrol	£131.92
	Diesel	
1/7/2013	Diesel	£139.75
1/14/2013	Diesel	£139.68
1/21/2013	Diesel	£139.95
1/28/2013	Diesel	£140.77
2/4/2013	Diesel	£141.91
2/11/2013	Diesel	£143.03
2/18/2013	Diesel	£144.17
2/25/2013	Diesel	£145.55
3/4/2013	Diesel	£146.34
3/11/2013	Diesel	£146.71
3/18/2013	Diesel	£144.84
3/25/2013	Diesel	£144.33
4/1/2013	Diesel	£143.51
4/8/2013	Diesel	£143.13
4/15/2013	Diesel	£141.67
4/22/2013	Diesel	£140.64
4/29/2013	Diesel	£139.59
5/6/2013	Diesel	£138.54
5/13/2013	Diesel	£138.27
5/20/2013	Diesel	£138.42
5/27/2013	Diesel	£138.82
6/3/2013	Diesel	£139.17
6/10/2013	Diesel	£139.43
6/17/2013	Diesel	£139.54
6/24/2013	Diesel	£139.64
7/1/2013	Diesel	£138.51
7/8/2013	Diesel	£138.73
7/15/2013	Diesel	£139.84
7/22/2013	Diesel	£140.72
7/29/2013	Diesel	£141.44
8/5/2013	Diesel	£141.67
8/12/2013	Diesel	£141.82
8/19/2013	Diesel	£141.73
8/28/2013	Diesel	£141.78
9/2/2013	Diesel	£142.09
9/9/2013	Diesel	£142.67
9/16/2013	Diesel	£142.52
9/23/2013	Diesel	£142.09
9/30/2013	Diesel	£140.19
10/7/2013	Diesel	£138.83
10/14/2013	Diesel	£139.15
10/21/2013	Diesel	£138.99
10/28/2013	Diesel	£138.88
11/4/2013	Diesel	£137.51
11/11/2013	Diesel	£137.32
11/18/2013	Diesel	£137.47
11/25/2013	Diesel	£137.72
12/2/2013	Diesel	£137.90
12/9/2013	Diesel	£138.55
12/16/2013	Diesel	£138.84
12/23/2013	Diesel	£138.17
12/30/2013	Diesel	£137.98
1/6/2014	Diesel	£138.11
1/13/2014	Diesel	£138.34
1/20/2014	Diesel	£137.23
1/27/2014	Diesel	£136.94
2/3/2014	Diesel	£136.84
2/10/2014	Diesel	£136.84
2/17/2014	Diesel	£136.81
2/24/2014	Diesel	£136.95
3/3/2014	Diesel	£137.15
3/10/2014	Diesel	£137.08
3/17/2014	Diesel	£136.27
3/24/2014	Diesel	£136.00
3/31/2014	Diesel	£135.89
4/7/2014	Diesel	£136.01
4/14/2014	Diesel	£136.05
4/21/2014	Diesel	£136.12
4/28/2014	Diesel	£135.93
5/5/2014	Diesel	£136.16
5/12/2014	Diesel	£136.37
5/19/2014	Diesel	£136.17
5/26/2014	Diesel	£136.36
6/2/2014	Diesel	£136.38
6/9/2014	Diesel	£136.04
6/16/2014	Diesel	£135.54
6/23/2014	Diesel	£135.50
6/30/2014	Diesel	£136.04
7/7/2014	Diesel	£136.22
7/14/2014	Diesel	£136.17
7/21/2014	Diesel	£135.69
7/28/2014	Diesel	£135.50
8/4/2014	Diesel	£134.31
8/11/2014	Diesel	£133.85
8/18/2014	Diesel	£133.74
8/25/2014	Diesel	£133.16
9/1/2014	Diesel	£132.77
9/8/2014	Diesel	£133.09
9/15/2014	Diesel	£133.13
9/22/2014	Diesel	£133.32
9/29/2014	Diesel	£133.23
10/6/2014	Diesel	£131.43
10/13/2014	Diesel	£131.08
10/20/2014	Diesel	£130.00
10/27/2014	Diesel	£129.72
11/3/2014	Diesel	£128.56
11/10/2014	Diesel	£127.59
11/17/2014	Diesel	£127.31
11/24/2014	Diesel	£127.17
12/1/2014	Diesel	£126.11
12/8/2014	Diesel	£124.79
12/15/2014	Diesel	£122.43
12/22/2014	Diesel	£120.81
12/29/2014	Diesel	£120.36
1/5/2015	Diesel	£117.93
1/12/2015	Diesel	£116.22
1/19/2015	Diesel	£114.33
1/26/2015	Diesel	£113.76
2/2/2015	Diesel	£113.61
2/9/2015	Diesel	£113.91
2/16/2015	Diesel	£114.73
2/23/2015	Diesel	£115.74
3/2/2015	Diesel	£116.64
3/9/2015	Diesel	£117.51
3/16/2015	Diesel	£118.26
3/23/2015	Diesel	£118.71
3/30/2015	Diesel	£118.97
4/6/2015	Diesel	£119.09
4/13/2015	Diesel	£119.15
4/20/2015	Diesel	£119.14
4/27/2015	Diesel	£119.58
5/4/2015	Diesel	£120.00
5/11/2015	Diesel	£120.59
5/18/2015	Diesel	£121.04
5/25/2015	Diesel	£121.32
6/1/2015	Diesel	£121.30
6/8/2015	Diesel	£121.34
6/15/2015	Diesel	£121.30
6/22/2015	Diesel	£121.21
6/29/2015	Diesel	£120.99
7/6/2015	Diesel	£120.76
7/13/2015	Diesel	£118.83
7/20/2015	Diesel	£118.43
7/27/2015	Diesel	£116.95
8/3/2015	Diesel	£115.17
8/10/2015	Diesel	£114.20
8/17/2015	Diesel	£112.05
8/24/2015	Diesel	£111.05
8/31/2015	Diesel	£109.92
9/7/2015	Diesel	£109.78
9/14/2015	Diesel	£109.95
9/21/2015	Diesel	£110.52
9/28/2015	Diesel	£110.45
10/5/2015	Diesel	£110.57
10/12/2015	Diesel	£110.78
10/19/2015	Diesel	£111.17
10/26/2015	Diesel	£110.61
11/2/2015	Diesel	£110.14
11/9/2015	Diesel	£110.08
11/16/2015	Diesel	£110.32
11/23/2015	Diesel	£110.27
11/30/2015	Diesel	£110.01
12/7/2015	Diesel	£109.92
12/14/2015	Diesel	£108.07
12/21/2015	Diesel	£107.04
12/28/2015	Diesel	£106.43
1/4/2016	Diesel	£106.32
1/11/2016	Diesel	£103.41
1/18/2016	Diesel	£102.81
1/25/2016	Diesel	£101.54
2/1/2016	Diesel	£100.84
2/8/2016	Diesel	£101.14
2/15/2016	Diesel	£101.21
2/22/2016	Diesel	£101.13
2/29/2016	Diesel	£101.38
3/7/2016	Diesel	£101.67
3/14/2016	Diesel	£102.52
3/21/2016	Diesel	£103.64
3/28/2016	Diesel	£104.40
4/4/2016	Diesel	£105.32
4/11/2016	Diesel	£105.98
4/18/2016	Diesel	£106.97
4/25/2016	Diesel	£107.67
5/2/2016	Diesel	£108.58
5/9/2016	Diesel	£109.00
5/16/2016	Diesel	£109.30
5/23/2016	Diesel	£109.90
5/30/2016	Diesel	£110.70
6/6/2016	Diesel	£111.43
6/13/2016	Diesel	£111.99
6/20/2016	Diesel	£112.31
6/27/2016	Diesel	£112.56
7/4/2016	Diesel	£112.86
7/11/2016	Diesel	£113.09
7/18/2016	Diesel	£113.00
7/25/2016	Diesel	£112.89
8/1/2016	Diesel	£112.43
8/8/2016	Diesel	£111.40
8/15/2016	Diesel	£111.02
8/22/2016	Diesel	£111.71
8/29/2016	Diesel	£112.55
9/5/2016	Diesel	£113.10
9/12/2016	Diesel	£113.42
9/19/2016	Diesel	£113.23
9/26/2016	Diesel	£113.38
10/3/2016	Diesel	£113.71
10/10/2016	Diesel	£114.40
10/17/2016	Diesel	£116.00
10/24/2016	Diesel	£117.70
10/31/2016	Diesel	£118.42
11/7/2016	Diesel	£119.03
11/14/2016	Diesel	£118.92
11/21/2016	Diesel	£117.42
11/28/2016	Diesel	£116.57
12/5/2016	Diesel	£116.75
12/12/2016	Diesel	£117.51
12/19/2016	Diesel	£118.61
12/26/2016	Diesel	£119.03
1/2/2017	Diesel	£120.03
1/9/2017	Diesel	£121.30
1/16/2017	Diesel	£122.10
1/23/2017	Diesel	£122.75
1/30/2017	Diesel	£123.19
2/6/2017	Diesel	£123.25
2/13/2017	Diesel	£123.17
2/20/2017	Diesel	£123.15
2/27/2017	Diesel	£123.06
3/6/2017	Diesel	£122.90
3/13/2017	Diesel	£122.77
3/20/2017	Diesel	£121.84
3/27/2017	Diesel	£121.08
4/3/2017	Diesel	£119.92
4/10/2017	Diesel	£119.98
4/17/2017	Diesel	£120.36
4/24/2017	Diesel	£120.77
5/1/2017	Diesel	£120.78
5/8/2017	Diesel	£119.34
5/15/2017	Diesel	£117.65
5/22/2017	Diesel	£117.76
5/29/2017	Diesel	£117.88
6/5/2017	Diesel	£117.95
6/12/2017	Diesel	£117.76
6/19/2017	Diesel	£117.18
6/26/2017	Diesel	£116.26
7/3/2017	Diesel	£115.63
7/10/2017	Diesel	£115.29
7/17/2017	Diesel	£115.58
7/24/2017	Diesel	£115.73
7/31/2017	Diesel	£115.99
8/7/2017	Diesel	£116.64
8/14/2017	Diesel	£117.43
8/21/2017	Diesel	£118.05
8/28/2017	Diesel	£118.24
9/4/2017	Diesel	£118.77
9/11/2017	Diesel	£119.94
9/18/2017	Diesel	£120.59
9/25/2017	Diesel	£120.92
10/2/2017	Diesel	£120.37
10/9/2017	Diesel	£120.51
10/16/2017	Diesel	£120.42
10/23/2017	Diesel	£120.65
10/30/2017	Diesel	£120.63
11/6/2017	Diesel	£121.27
11/13/2017	Diesel	£122.69
11/20/2017	Diesel	£123.32
11/27/2017	Diesel	£123.79
12/4/2017	Diesel	£123.21
12/11/2017	Diesel	£123.69
12/18/2017	Diesel	£123.81
12/25/2017	Diesel	£123.43
1/1/2018	Diesel	£123.51
1/8/2018	Diesel	£123.97
1/15/2018	Diesel	£124.58
1/22/2018	Diesel	£125.07
1/29/2018	Diesel	£125.32
2/5/2018	Diesel	£125.36
2/12/2018	Diesel	£125.02
2/19/2018	Diesel	£124.18
2/26/2018	Diesel	£123.09
3/5/2018	Diesel	£122.92
3/12/2018	Diesel	£122.96
3/19/2018	Diesel	£122.84
3/26/2018	Diesel	£122.90
4/2/2018	Diesel	£123.05
4/9/2018	Diesel	£123.58
4/16/2018	Diesel	£124.29
4/23/2018	Diesel	£125.39
4/30/2018	Diesel	£126.01
5/7/2018	Diesel	£126.99
5/14/2018	Diesel	£128.28
5/21/2018	Diesel	£130.04
5/28/2018	Diesel	£131.66
6/4/2018	Diesel	£132.34
6/11/2018	Diesel	£132.62
6/18/2018	Diesel	£131.98
6/25/2018	Diesel	£131.27
7/2/2018	Diesel	£130.83
7/9/2018	Diesel	£131.53
7/16/2018	Diesel	£131.85
7/23/2018	Diesel	£131.90
7/30/2018	Diesel	£131.94
8/6/2018	Diesel	£132.39
8/13/2018	Diesel	£132.56
8/20/2018	Diesel	£132.97
8/27/2018	Diesel	£133.20
9/3/2018	Diesel	£133.67
9/10/2018	Diesel	£134.31
9/17/2018	Diesel	£134.57
9/24/2018	Diesel	£134.77
10/1/2018	Diesel	£134.86
10/8/2018	Diesel	£135.53
10/15/2018	Diesel	£136.63
10/22/2018	Diesel	£136.93
10/29/2018	Diesel	£136.99
11/5/2018	Diesel	£137.03
11/12/2018	Diesel	£137.08
11/19/2018	Diesel	£136.38
11/26/2018	Diesel	£135.43
12/3/2018	Diesel	£134.38
12/10/2018	Diesel	£132.50
12/17/2018	Diesel	£131.26
12/24/2018	Diesel	£130.91
12/31/2018	Diesel	£130.26
1/7/2019	Diesel	£130.33
1/14/2019	Diesel	£129.47
1/21/2019	Diesel	£128.92
1/28/2019	Diesel	£129.10
2/4/2019	Diesel	£129.13
2/11/2019	Diesel	£129.17
2/18/2019	Diesel	£129.23
2/25/2019	Diesel	£129.66
3/4/2019	Diesel	£130.25
3/11/2019	Diesel	£130.59
3/18/2019	Diesel	£130.85
3/25/2019	Diesel	£131.15
4/1/2019	Diesel	£131.48
4/8/2019	Diesel	£132.08
4/15/2019	Diesel	£132.96
4/22/2019	Diesel	£133.99
4/29/2019	Diesel	£134.60
5/6/2019	Diesel	£135.41
5/13/2019	Diesel	£135.36
5/20/2019	Diesel	£135.82
5/27/2019	Diesel	£136.45
6/3/2019	Diesel	£136.39
6/10/2019	Diesel	£135.40
6/17/2019	Diesel	£133.76
6/24/2019	Diesel	£131.81
7/1/2019	Diesel	£131.55
7/8/2019	Diesel	£131.68
7/15/2019	Diesel	£131.86
7/22/2019	Diesel	£132.21
7/29/2019	Diesel	£132.60
8/5/2019	Diesel	£132.61
8/12/2019	Diesel	£132.59
8/19/2019	Diesel	£132.60
8/26/2019	Diesel	£132.51
9/2/2019	Diesel	£132.29
9/9/2019	Diesel	£131.89
9/16/2019	Diesel	£131.35
9/23/2019	Diesel	£131.52
9/30/2019	Diesel	£131.83
10/7/2019	Diesel	£131.82
10/14/2019	Diesel	£131.89
10/21/2019	Diesel	£131.28
10/28/2019	Diesel	£130.60
11/4/2019	Diesel	£130.38
11/11/2019	Diesel	£130.42
11/18/2019	Diesel	£130.35
11/25/2019	Diesel	£130.08
12/2/2019	Diesel	£129.79
12/9/2019	Diesel	£129.79
12/16/2019	Diesel	£129.56
12/23/2019	Diesel	£129.81
12/30/2019	Diesel	£130.54
1/6/2020	Diesel	£131.56
1/13/2020	Diesel	£132.69
1/20/2020	Diesel	£132.74
1/27/2020	Diesel	£132.88
2/3/2020	Diesel	£131.48
2/10/2020	Diesel	£129.70
2/17/2020	Diesel	£128.20
2/24/2020	Diesel	£127.67
3/2/2020	Diesel	£126.62
3/9/2020	Diesel	£126.25
3/16/2020	Diesel	£124.36
3/23/2020	Diesel	£123.41
3/30/2020	Diesel	£118.60
4/6/2020	Diesel	£116.83
4/13/2020	Diesel	£116.15
4/20/2020	Diesel	£115.73
	Petrol	
1/7/2013	Petrol	£131.86
1/14/2013	Petrol	£132.00
1/21/2013	Petrol	£132.21
1/28/2013	Petrol	£132.95
2/4/2013	Petrol	£134.38
2/11/2013	Petrol	£135.56
2/18/2013	Petrol	£136.86
2/25/2013	Petrol	£138.50
3/4/2013	Petrol	£139.47
3/11/2013	Petrol	£140.00
3/18/2013	Petrol	£137.58
3/25/2013	Petrol	£137.09
4/1/2013	Petrol	£137.30
4/8/2013	Petrol	£137.31
4/15/2013	Petrol	£137.11
4/22/2013	Petrol	£135.68
4/29/2013	Petrol	£134.66
5/6/2013	Petrol	£133.42
5/13/2013	Petrol	£133.12
5/20/2013	Petrol	£133.17
5/27/2013	Petrol	£133.64
6/3/2013	Petrol	£134.04
6/10/2013	Petrol	£134.30
6/17/2013	Petrol	£134.46
6/24/2013	Petrol	£134.52
7/1/2013	Petrol	£133.44
7/8/2013	Petrol	£133.77
7/15/2013	Petrol	£134.95
7/22/2013	Petrol	£136.04
7/29/2013	Petrol	£136.87
8/5/2013	Petrol	£137.02
8/12/2013	Petrol	£137.13
8/19/2013	Petrol	£137.00
8/28/2013	Petrol	£136.83
9/2/2013	Petrol	£137.14
9/9/2013	Petrol	£137.60
9/16/2013	Petrol	£137.47
9/23/2013	Petrol	£136.95
9/30/2013	Petrol	£133.40
10/7/2013	Petrol	£131.62
10/14/2013	Petrol	£131.67
10/21/2013	Petrol	£131.53
10/28/2013	Petrol	£131.42
11/4/2013	Petrol	£129.92
11/11/2013	Petrol	£129.71
11/18/2013	Petrol	£129.89
11/25/2013	Petrol	£130.03
12/2/2013	Petrol	£130.25
12/9/2013	Petrol	£130.76
12/16/2013	Petrol	£130.96
12/23/2013	Petrol	£130.05
12/30/2013	Petrol	£130.03
1/6/2014	Petrol	£130.26
1/13/2014	Petrol	£130.36
1/20/2014	Petrol	£129.37
1/27/2014	Petrol	£129.02
2/3/2014	Petrol	£128.85
2/10/2014	Petrol	£128.81
2/17/2014	Petrol	£129.16
2/24/2014	Petrol	£129.20
3/3/2014	Petrol	£129.36
3/10/2014	Petrol	£129.39
3/17/2014	Petrol	£128.76
3/24/2014	Petrol	£128.57
3/31/2014	Petrol	£128.76
4/7/2014	Petrol	£128.71
4/14/2014	Petrol	£128.89
4/21/2014	Petrol	£129.11
4/28/2014	Petrol	£129.09
5/5/2014	Petrol	£129.27
5/12/2014	Petrol	£129.50
5/19/2014	Petrol	£129.42
5/26/2014	Petrol	£129.51
6/2/2014	Petrol	£129.63
6/9/2014	Petrol	£129.69
6/16/2014	Petrol	£129.88
6/23/2014	Petrol	£130.14
6/30/2014	Petrol	£130.69
7/7/2014	Petrol	£131.10
7/14/2014	Petrol	£131.11
7/21/2014	Petrol	£131.04
7/28/2014	Petrol	£130.83
8/4/2014	Petrol	£129.63
8/11/2014	Petrol	£129.41
8/18/2014	Petrol	£129.29
8/25/2014	Petrol	£128.34
9/1/2014	Petrol	£128.01
9/8/2014	Petrol	£128.34
9/15/2014	Petrol	£128.43
9/22/2014	Petrol	£128.62
9/29/2014	Petrol	£128.59
10/6/2014	Petrol	£126.78
10/13/2014	Petrol	£126.50
10/20/2014	Petrol	£125.40
10/27/2014	Petrol	£125.11
11/3/2014	Petrol	£123.94
11/10/2014	Petrol	£122.94
11/17/2014	Petrol	£122.50
11/24/2014	Petrol	£122.29
12/1/2014	Petrol	£121.18
12/8/2014	Petrol	£119.83
12/15/2014	Petrol	£116.30
12/22/2014	Petrol	£113.66
12/29/2014	Petrol	£113.16
1/5/2015	Petrol	£111.06
1/12/2015	Petrol	£108.87
1/19/2015	Petrol	£106.83
1/26/2015	Petrol	£106.32
2/2/2015	Petrol	£106.04
2/9/2015	Petrol	£106.35
2/16/2015	Petrol	£107.26
2/23/2015	Petrol	£108.34
3/2/2015	Petrol	£109.20
3/9/2015	Petrol	£110.07
3/16/2015	Petrol	£111.04
3/23/2015	Petrol	£111.65
3/30/2015	Petrol	£112.06
4/6/2015	Petrol	£112.37
4/13/2015	Petrol	£112.52
4/20/2015	Petrol	£112.87
4/27/2015	Petrol	£113.55
5/4/2015	Petrol	£114.27
5/11/2015	Petrol	£115.10
5/18/2015	Petrol	£115.74
5/25/2015	Petrol	£116.02
6/1/2015	Petrol	£116.13
6/8/2015	Petrol	£116.26
6/15/2015	Petrol	£116.39
6/22/2015	Petrol	£116.60
6/29/2015	Petrol	£116.55
7/6/2015	Petrol	£116.34
7/13/2015	Petrol	£116.41
7/20/2015	Petrol	£116.79
7/27/2015	Petrol	£116.44
8/3/2015	Petrol	£116.12
8/10/2015	Petrol	£115.48
8/17/2015	Petrol	£114.58
8/24/2015	Petrol	£113.23
8/31/2015	Petrol	£111.21
9/7/2015	Petrol	£110.90
9/14/2015	Petrol	£110.60
9/21/2015	Petrol	£110.61
9/28/2015	Petrol	£109.47
10/5/2015	Petrol	£108.94
10/12/2015	Petrol	£108.97
10/19/2015	Petrol	£109.01
10/26/2015	Petrol	£108.04
11/2/2015	Petrol	£107.21
11/9/2015	Petrol	£107.14
11/16/2015	Petrol	£107.36
11/23/2015	Petrol	£107.29
11/30/2015	Petrol	£106.97
12/7/2015	Petrol	£106.75
12/14/2015	Petrol	£104.00
12/21/2015	Petrol	£102.33
12/28/2015	Petrol	£102.11
1/4/2016	Petrol	£102.00
1/11/2016	Petrol	£101.89
1/18/2016	Petrol	£101.80
1/25/2016	Petrol	£101.42
2/1/2016	Petrol	£101.36
2/8/2016	Petrol	£101.51
2/15/2016	Petrol	£101.45
2/22/2016	Petrol	£101.39
2/29/2016	Petrol	£101.42
3/7/2016	Petrol	£101.46
3/14/2016	Petrol	£101.71
3/21/2016	Petrol	£102.58
3/28/2016	Petrol	£103.40
4/4/2016	Petrol	£104.51
4/11/2016	Petrol	£105.39
4/18/2016	Petrol	£106.41
4/25/2016	Petrol	£107.14
5/2/2016	Petrol	£107.82
5/9/2016	Petrol	£108.19
5/16/2016	Petrol	£108.53
5/23/2016	Petrol	£109.12
5/30/2016	Petrol	£109.79
6/6/2016	Petrol	£110.40
6/13/2016	Petrol	£111.03
6/20/2016	Petrol	£111.22
6/27/2016	Petrol	£111.44
7/4/2016	Petrol	£111.65
7/11/2016	Petrol	£111.89
7/18/2016	Petrol	£111.92
7/25/2016	Petrol	£111.69
8/1/2016	Petrol	£111.05
8/8/2016	Petrol	£109.75
8/15/2016	Petrol	£109.28
8/22/2016	Petrol	£109.63
8/29/2016	Petrol	£110.43
9/5/2016	Petrol	£110.97
9/12/2016	Petrol	£111.31
9/19/2016	Petrol	£111.29
9/26/2016	Petrol	£111.36
10/3/2016	Petrol	£111.65
10/10/2016	Petrol	£112.35
10/17/2016	Petrol	£113.72
10/24/2016	Petrol	£115.20
10/31/2016	Petrol	£116.02
11/7/2016	Petrol	£116.56
11/14/2016	Petrol	£116.50
11/21/2016	Petrol	£114.71
11/28/2016	Petrol	£113.72
12/5/2016	Petrol	£113.66
12/12/2016	Petrol	£114.23
12/19/2016	Petrol	£115.00
12/26/2016	Petrol	£115.45
1/2/2017	Petrol	£117.00
1/9/2017	Petrol	£117.98
1/16/2017	Petrol	£118.63
1/23/2017	Petrol	£119.43
1/30/2017	Petrol	£120.01
2/6/2017	Petrol	£120.18
2/13/2017	Petrol	£120.15
2/20/2017	Petrol	£120.20
2/27/2017	Petrol	£120.12
3/6/2017	Petrol	£120.02
3/13/2017	Petrol	£119.80
3/20/2017	Petrol	£118.95
3/27/2017	Petrol	£118.03
4/3/2017	Petrol	£116.93
4/10/2017	Petrol	£117.02
4/17/2017	Petrol	£117.54
4/24/2017	Petrol	£118.15
5/1/2017	Petrol	£118.08
5/8/2017	Petrol	£117.06
5/15/2017	Petrol	£115.60
5/22/2017	Petrol	£115.67
5/29/2017	Petrol	£115.79
6/5/2017	Petrol	£115.82
6/12/2017	Petrol	£115.69
6/19/2017	Petrol	£115.12
6/26/2017	Petrol	£114.43
7/3/2017	Petrol	£113.74
7/10/2017	Petrol	£113.58
7/17/2017	Petrol	£113.89
7/24/2017	Petrol	£113.99
7/31/2017	Petrol	£114.16
8/7/2017	Petrol	£114.78
8/14/2017	Petrol	£115.53
8/21/2017	Petrol	£116.04
8/28/2017	Petrol	£116.40
9/4/2017	Petrol	£116.95
9/11/2017	Petrol	£118.14
9/18/2017	Petrol	£118.85
9/25/2017	Petrol	£118.87
10/2/2017	Petrol	£118.13
10/9/2017	Petrol	£117.16
10/16/2017	Petrol	£117.01
10/23/2017	Petrol	£117.04
10/30/2017	Petrol	£117.06
11/6/2017	Petrol	£117.57
11/13/2017	Petrol	£118.91
11/20/2017	Petrol	£119.67
11/27/2017	Petrol	£120.13
12/4/2017	Petrol	£119.75
12/11/2017	Petrol	£119.91
12/18/2017	Petrol	£119.98
12/25/2017	Petrol	£120.00
1/1/2018	Petrol	£120.19
1/8/2018	Petrol	£120.52
1/15/2018	Petrol	£120.96
1/22/2018	Petrol	£121.50
1/29/2018	Petrol	£121.69
2/5/2018	Petrol	£121.73
2/12/2018	Petrol	£121.58
2/19/2018	Petrol	£120.52
2/26/2018	Petrol	£119.55
3/5/2018	Petrol	£119.29
3/12/2018	Petrol	£119.11
3/19/2018	Petrol	£119.17
3/26/2018	Petrol	£119.23
4/2/2018	Petrol	£119.43
4/9/2018	Petrol	£119.96
4/16/2018	Petrol	£120.56
4/23/2018	Petrol	£121.44
4/30/2018	Petrol	£122.22
5/7/2018	Petrol	£123.27
5/14/2018	Petrol	£124.32
5/21/2018	Petrol	£125.93
5/28/2018	Petrol	£127.58
6/4/2018	Petrol	£128.43
6/11/2018	Petrol	£128.61
6/18/2018	Petrol	£127.92
6/25/2018	Petrol	£127.18
7/2/2018	Petrol	£126.54
7/9/2018	Petrol	£126.97
7/16/2018	Petrol	£127.47
7/23/2018	Petrol	£127.50
7/30/2018	Petrol	£127.54
8/6/2018	Petrol	£128.02
8/13/2018	Petrol	£128.39
8/20/2018	Petrol	£128.79
8/27/2018	Petrol	£129.18
9/3/2018	Petrol	£129.76
9/10/2018	Petrol	£130.24
9/17/2018	Petrol	£130.59
9/24/2018	Petrol	£130.59
10/1/2018	Petrol	£129.98
10/8/2018	Petrol	£130.15
10/15/2018	Petrol	£130.81
10/22/2018	Petrol	£130.98
10/29/2018	Petrol	£130.64
11/5/2018	Petrol	£130.11
11/12/2018	Petrol	£128.94
11/19/2018	Petrol	£127.40
11/26/2018	Petrol	£125.77
12/3/2018	Petrol	£124.30
12/10/2018	Petrol	£122.37
12/17/2018	Petrol	£121.02
12/24/2018	Petrol	£120.61
12/31/2018	Petrol	£120.18
1/7/2019	Petrol	£120.27
1/14/2019	Petrol	£119.53
1/21/2019	Petrol	£119.12
1/28/2019	Petrol	£119.29
2/4/2019	Petrol	£119.13
2/11/2019	Petrol	£118.97
2/18/2019	Petrol	£119.05
2/25/2019	Petrol	£119.22
3/4/2019	Petrol	£119.72
3/11/2019	Petrol	£120.10
3/18/2019	Petrol	£120.48
3/25/2019	Petrol	£120.83
4/1/2019	Petrol	£121.70
4/8/2019	Petrol	£122.66
4/15/2019	Petrol	£124.06
4/22/2019	Petrol	£125.43
4/29/2019	Petrol	£126.36
5/6/2019	Petrol	£127.50
5/13/2019	Petrol	£127.97
5/20/2019	Petrol	£128.51
5/27/2019	Petrol	£129.14
6/3/2019	Petrol	£129.41
6/10/2019	Petrol	£128.89
6/17/2019	Petrol	£127.66
6/24/2019	Petrol	£126.66
7/1/2019	Petrol	£126.49
7/8/2019	Petrol	£126.86
7/15/2019	Petrol	£127.13
7/22/2019	Petrol	£127.81
7/29/2019	Petrol	£128.03
8/5/2019	Petrol	£128.37
8/12/2019	Petrol	£128.36
8/19/2019	Petrol	£128.17
8/26/2019	Petrol	£128.22
9/2/2019	Petrol	£127.86
9/9/2019	Petrol	£127.79
9/16/2019	Petrol	£126.92
9/23/2019	Petrol	£126.78
9/30/2019	Petrol	£126.92
10/7/2019	Petrol	£126.87
10/14/2019	Petrol	£126.91
10/21/2019	Petrol	£126.40
10/28/2019	Petrol	£125.77
11/4/2019	Petrol	£125.56
11/11/2019	Petrol	£125.59
11/18/2019	Petrol	£125.58
11/25/2019	Petrol	£125.32
12/2/2019	Petrol	£124.81
12/9/2019	Petrol	£124.75
12/16/2019	Petrol	£124.33
12/23/2019	Petrol	£124.16
12/30/2019	Petrol	£124.96
1/6/2020	Petrol	£126.09
1/13/2020	Petrol	£127.17
1/20/2020	Petrol	£127.18
1/27/2020	Petrol	£127.33
2/3/2020	Petrol	£125.85
2/10/2020	Petrol	£124.73
2/17/2020	Petrol	£123.80
2/24/2020	Petrol	£123.45
3/2/2020	Petrol	£122.43
3/9/2020	Petrol	£122.24
3/16/2020	Petrol	£120.33
3/23/2020	Petrol	£119.64
3/30/2020	Petrol	£112.45
4/6/2020	Petrol	£110.23
4/13/2020	Petrol	£109.27
4/20/2020	Petrol	£108.63
